true/pred,Arhar,Bajra,Cotton,Cucumber,Fodder,Maize,Masoor,Matar,Moongfali,Potato,Rice,Soybean,Urad,Watermelon,Wheat
Arhar,296,0,0,0,0,0,0,0,0,0,0,0,0,0,0
Bajra,0,217,0,0,0,1,0,0,0,0,4,0,0,0,0
Cotton,3,0,561,0,0,0,0,2,4,1,0,2,17,2,0
Cucumber,0,0,4,217,0,0,0,0,0,0,0,0,1,0,0
Fodder,0,0,1,0,438,0,0,2,0,0,3,0,0,0,0
Maize,0,11,1,0,4,278,0,0,0,0,2,0,0,0,0
Masoor,0,0,1,0,0,0,295,0,0,0,0,0,0,0,0
Matar,0,0,0,0,0,0,0,740,0,0,0,0,0,0,0
Moongfali,1,0,3,0,2,0,0,0,361,1,1,0,1,0,0
Potato,0,0,0,0,0,0,0,0,0,222,0,0,0,0,0
Rice,0,0,0,0,1,1,0,0,0,0,292,0,0,0,2
Soybean,0,0,5,0,0,0,0,0,4,0,0,711,20,0,0
Urad,3,0,2,0,0,0,0,0,3,0,1,10,351,0,0
Watermelon,0,0,0,0,0,0,0,0,0,0,0,0,0,296,0
Wheat,0,1,0,0,0,0,0,0,0,0,4,0,0,0,365
